OdysseyEurobeat|https://www.youtube.com/user/OdysseyEurobeat
WanderingArtistMusic|https://www.youtube.com/user/WanderingArtistMusic
BronyVids|https://www.youtube.com/user/BronyVids
IgnaPony|https://www.youtube.com/user/IgnaPony
Slackjawproductionz|https://www.youtube.com/user/Slackjawproductionz
Soundsparkpony|https://www.youtube.com/user/Soundsparkpony
Hanni13579|https://www.youtube.com/user/Hanni13579
Maressey|https://www.youtube.com/user/Maressey
TheeLinker|https://www.youtube.com/user/TheeLinker
mmmandarinorange|https://www.youtube.com/user/mmmandarinorange
EverFreeRadio|https://www.youtube.com/user/EverFreeRadio
PonyvilleLiveGlobal|https://www.youtube.com/user/PonyvilleLiveGlobal
MichelleCreber|https://www.youtube.com/user/MichelleCreber
Andrea_Libman_UCnWpujBt4K7qcjMJPxXKi1g/|https://www.youtube.com/channel/UCnWpujBt4K7qcjMJPxXKi1g/
ClaireCoaCoaNutz|https://www.youtube.com/user/ClaireCoaCoaNutz
Relative1Pitch|https://www.youtube.com/user/Relative1Pitch
4everfreebrony|https://www.youtube.com/user/4everfreebrony
The_Collaboratory_UCxS0NP4y6NhaLENMFA1Z2Nw|https://www.youtube.com/channel/UCxS0NP4y6NhaLENMFA1Z2Nw/
Shiropoint|https://www.youtube.com/user/Shiropoint
PonyKart|https://www.youtube.com/user/PonyKart
awesomedreamcoder|https://www.youtube.com/user/awesomedreamcoder
TheLightLeavesThee|https://www.youtube.com/user/TheLightLeavesThee
fatalshade|https://www.youtube.com/user/fatalshade
gbeaudette|https://www.youtube.com/user/gbeaudette
kaitou42|https://www.youtube.com/user/kaitou42
dnotive|https://www.youtube.com/user/dnotive
LookOutLondon|https://www.youtube.com/user/LookOutLondon
WoodLore_UC1wCxxnKYrY7zaOiFl9jPaQ|https://www.youtube.com/channel/UC1wCxxnKYrY7zaOiFl9jPaQ
BluNoseReindeer|https://www.youtube.com/user/BluNoseReindeer
theofficialajyoung|https://www.youtube.com/user/theofficialajyoung
jastrian|https://www.youtube.com/user/jastrian
BronySinc|https://www.youtube.com/user/BronySinc
otiscat123|https://www.youtube.com/user/otiscat123
Rarityfangirl31_VA_UCDT_55073k8u2C6-5nN-yqw|https://www.youtube.com/channel/UCDT_55073k8u2C6-5nN-yqw
Somber_Sun_UC0ceGQu9Wec_h6HgQGPfhgw|https://www.youtube.com/channel/UC0ceGQu9Wec_h6HgQGPfhgw
BonusRoundVO|https://www.youtube.com/user/BonusRoundVO
Charpony_VA_UCPHYEXvKrYsPdEWXM8j2IEw|https://www.youtube.com/channel/UCPHYEXvKrYsPdEWXM8j2IEw
Vannamelon|https://www.youtube.com/user/Vannamelon
DaWillstanator|https://www.youtube.com/user/DaWillstanator
Simonsevillerocks1|https://www.youtube.com/user/Simonsevillerocks1
TheLostExtras_UCp1uS2xe8PvbLI24RjtHcbQ|https://www.youtube.com/channel/UCp1uS2xe8PvbLI24RjtHcbQ
Ashley_H_UCaRdKsgbUdMIp-9FwEsaokg|https://www.youtube.com/channel/UCaRdKsgbUdMIp-9FwEsaokg
IceGazeVA|https://www.youtube.com/user/IceGazeVA
seeyourerealgirl143|https://www.youtube.com/user/seeyourerealgirl143
Jessiecat_UCciHeEBLZwozp9xWyIMfshg|https://www.youtube.com/channel/UCciHeEBLZwozp9xWyIMfshg
Sammyisfun_UC0US_vnbt6ceY_tUfMgJuDA|https://www.youtube.com/channel/UC0US_vnbt6ceY_tUfMgJuDA
MastaRoshi78|https://www.youtube.com/user/MastaRoshi78
King_Mars_UCDFcwa7uA0uIREqFRC3cJeQ|https://www.youtube.com/channel/UCDFcwa7uA0uIREqFRC3cJeQ
Morning_Tales_UCbTaAPdQ6n_NKMFwVnu7rzw|https://www.youtube.com/channel/UCbTaAPdQ6n_NKMFwVnu7rzw
BronyCooper_UCe0zeDSb4Uka8SOq-TjzK_Q|https://www.youtube.com/channel/UCe0zeDSb4Uka8SOq-TjzK_Q
djsmell1|https://www.youtube.com/user/djsmell1
SilverApple_UCYv8wBqwBAj7ClN5iUuQouQ|https://www.youtube.com/channel/UCYv8wBqwBAj7ClN5iUuQouQ
Swirl_Sisters_UCaooOTIzcaYTmn5ddlzEiBg|https://www.youtube.com/channel/UCaooOTIzcaYTmn5ddlzEiBg
MlpStarswirl|https://www.youtube.com/user/MlpStarswirl
MS_Reaction_Tv_UCanQoekXtF_dzKV9J5QVfZg|https://www.youtube.com/channel/UCanQoekXtF_dzKV9J5QVfZg
mlpstopmotion|https://www.youtube.com/user/mlpstopmotion
Sugar_Cloud_UClpjZJ9AJqeRDi3arPsPELQ|https://www.youtube.com/channel/UClpjZJ9AJqeRDi3arPsPELQ
angelstap123|https://www.youtube.com/user/angelstap123
Midnight_Dash_UC1Da35Tz5x8-mP8H8aiMLeA|https://www.youtube.com/channel/UC1Da35Tz5x8-mP8H8aiMLeA
Frost_Fire_UCFAjjQM71y5hJwuIWIEIG0w|https://www.youtube.com/channel/UCFAjjQM71y5hJwuIWIEIG0w
CottonCandyCakeVA_UCU9XorfaNA6M2mx908_pTyg|https://www.youtube.com/channel/UCU9XorfaNA6M2mx908_pTyg
SugarPinkieVA_UCFxx-quLYmziiJZktIBWjZg|https://www.youtube.com/channel/UCFxx-quLYmziiJZktIBWjZg
Derek_pony_UCiIDamAuKhOc0ZH_ojxePnQ|https://www.youtube.com/channel/UCiIDamAuKhOc0ZH_ojxePnQ
YourAverageJoe101|https://www.youtube.com/user/YourAverageJoe101
AstrokeFromMe_UCwf-nuBJHeIuPbNinkRH9jA|https://www.youtube.com/channel/UCwf-nuBJHeIuPbNinkRH9jA
SoaringFlight|https://www.youtube.com/user/SoaringFlight
JackleApp|https://www.youtube.com/user/JackleApp
OfficialAlexS|https://www.youtube.com/user/OfficialAlexS
Blaze_Music-Archive_UCLcCMAI5rae3GGXkxORECHQ|https://www.youtube.com/channel/UCLcCMAI5rae3GGXkxORECHQ
Omnipony_Music_Archive_UCVd-Lf0konUP1BljBfsusQQ|https://www.youtube.com/channel/UCVd-Lf0konUP1BljBfsusQQ
Alex_S._Archive_UCw3sqUksluTZYu1YOrTHB_g|https://www.youtube.com/channel/UCw3sqUksluTZYu1YOrTHB_g
Yelling_At_Cats_Archive_UC7p7T2QUHXwgAxGJ7BWt8uA|https://www.youtube.com/channel/UC7p7T2QUHXwgAxGJ7BWt8uA
AcoustiMandoBrony|https://www.youtube.com/user/AcoustiMandoBrony
Silva_Hound|https://www.youtube.com/channel/UCYYry2Bwe6SfJ-kqUfhQbfQ
Echelon_Music|https://www.youtube.com/channel/UCLs0v05Fohxst_YZd5TSSoA
OriginalEHT|https://www.youtube.com/user/OriginalEHT
TAPS|https://www.youtube.com/user/FIVETEENTAPS
Garnika|https://www.youtube.com/user/OfficialGarnika
PON3|https://www.youtube.com/user/VinylScratchDjPony
TheLivingTombstone|https://www.youtube.com/user/TheLivingTombstone
Vylet_Pony|https://www.youtube.com/user/MusiciansOfPonyville
TheJournalisticBrony|https://www.youtube.com/user/TheJournalisticBrony
SwedishHorseMafia|https://www.youtube.com/user/SwedishHorseMafia
ThatMusicBrony|https://www.youtube.com/user/ThatMusicBrony
OfficialPonyMusic|https://www.youtube.com/user/OfficialPonyMusic
Acoustiletric|https://www.youtube.com/user/DJWildPonyz
FlightRushOfficial|https://www.youtube.com/user/BronySaiyanZF2202
PonyEveningStar|https://www.youtube.com/user/PonyEveningStar
Flightless|https://www.youtube.com/user/ItsForeverKursed
Wubcake|https://www.youtube.com/user/PinkamenaVA
Rockin_Brony|https://www.youtube.com/user/GamesPlayer975
FluffyKittyMusic|https://www.youtube.com/user/FluffyKittyMusic
LMWub|https://www.youtube.com/user/LMWub
AnteMineFan|https://www.youtube.com/user/AnteMineFan499
CHrieger|https://www.youtube.com/user/CHrieger15
Silver_Note|https://www.youtube.com/channel/UCVbNZThBjB6YF1rBITSY4Xg
Mersoft_Production|https://www.youtube.com/channel/UCofIghlW1Ckkqy44Z7vZJdA
Sheyla_Chavez|https://www.youtube.com/channel/UCoEyyqTM__YcaQBoPMPS5xA
SGAPArchives|https://www.youtube.com/user/SGAPArchives
VoodooPonyVideos|https://www.youtube.com/user/VoodooPonyVideos
SkruffyPony|https://www.youtube.com/user/SkruffyPony
MimicsMusic|https://www.youtube.com/user/MimicsMusic
makkon06|https://www.youtube.com/user/makkon06
kanashiipanda|https://www.youtube.com/user/kanashiipanda
matthewmosiermusic|https://www.youtube.com/user/matthewmosiermusic
Metajoker1844|https://www.youtube.com/user/Metajoker1844
SlyphStorm|https://www.youtube.com/user/SlyphStorm
Joaftheloaf|https://www.youtube.com/user/Joaftheloaf
TurquoiseSplash|https://www.youtube.com/user/TurquoiseSplash
dylan1kenobi|https://www.youtube.com/user/dylan1kenobi
FritzyBeat|https://www.youtube.com/user/FritzyBeat
PhonyBrony|https://www.youtube.com/user/PhonyBrony
Mogul20478|https://www.youtube.com/user/Mogul20478
Cutie_Marxist|https://www.youtube.com/channel/UCN3hBwrvmMCtch8pHgUEj9w
Argodaemon|https://www.youtube.com/user/Argodaemon
PieDislikerSwag|https://www.youtube.com/user/PieDislikerSwag
Bronymonster44|https://www.youtube.com/user/Bronymonster44
VoltWing_Gaming|https://www.youtube.com/channel/UCf9njArHAvwoYYh3u1RrIqQ
tgcsilver|https://www.youtube.com/user/tgcsilver
Bhalspawn|https://www.youtube.com/user/Bhalspawn
The_Brony_Notion|https://www.youtube.com/channel/UCD_VOth7RmckN6DbmFJa__A
RarityDash|https://www.youtube.com/channel/UCIR4L71pMu0fqO1YhnjgTDg
DRWolf001|https://www.youtube.com/user/DRWolf001
ToonKriticY2K|https://www.youtube.com/user/ToonKriticY2K
truedashfan253|https://www.youtube.com/user/wwerules27h
TheRainbowBrony|https://www.youtube.com/user/TheRainbowBrony
BronyBassCannon|https://www.youtube.com/user/BronyBassCannon
Alex_Side|https://www.youtube.com/user/mlpwarrior1302
HaveAnArtAttack|https://www.youtube.com/user/HaveAnArtAttack
WoodenToaster|https://www.youtube.com/user/WoodenToaster
christkids|https://www.youtube.com/user/christkids
DragonFirePrincess7|https://www.youtube.com/user/DragonFirePrincess7
Keyframe_Productions|https://www.youtube.com/channel/UCpRLi63Nu9KZuEFvHvdGprQ
GoldenFox17|https://www.youtube.com/user/GoldenFox17
MisAnthro_Pony|https://www.youtube.com/channel/UCpdeouc-gLYfHH9yTo2T5KQ
Williamsfan|https://www.youtube.com/user/Williamsfan
BronyDebates|https://www.youtube.com/user/BronyDebates
Mumble_Etc|https://www.youtube.com/user/Poowis
MicTheMicrophoneZero|https://www.youtube.com/user/MicTheMicrophoneZero
SimGretina|https://www.youtube.com/user/SimGretina
AftermathMakesMusic|https://www.youtube.com/user/AftermathMakesMusic
OfficialSMOR3S|https://www.youtube.com/user/OfficialSMOR3S
RealNexgenConsole|https://www.youtube.com/user/RealNexgenConsole
ViricideFilly|https://www.youtube.com/user/ViricideFilly
Vinyl.rawr|https://www.youtube.com/user/OfficialxDemonStorm
Refl3xDubstep|https://www.youtube.com/user/Refl3xDubstep
unchargedThunder|https://www.youtube.com/user/unchargedThunder
TheAcleps|https://www.youtube.com/user/TheAcleps
rabiesbunx86|https://www.youtube.com/user/rabiesbunx86
DerpyTwizzle|https://www.youtube.com/user/DerpyTwizzle
Emala_Jiss|https://www.youtube.com/channel/UCitT48tHffPMf0UfYYizedQ
Silver_Sentry|https://www.youtube.com/channel/UCfz8mjsNcGyWF6HP7WxO0mQ
Apple_jack|https://www.youtube.com/channel/UCsI1WsPb9d7VdaPwCoHO2lA
metic2222|https://www.youtube.com/user/metic2222
cerudo|https://www.youtube.com/user/cerudo
Ksun_Channel|https://www.youtube.com/channel/UCzRyqrxkAqKn4QTzLNIQlUA
MrDeLoop|https://www.youtube.com/user/MrDeLoop
DXIndustriesInc|https://www.youtube.com/user/DXIndustriesInc
Monkeybobification|https://www.youtube.com/user/Monkeybobification
thisisway2embarasing|https://www.youtube.com/user/thisisway2embarasing
DJTwitchMusic|https://www.youtube.com/user/DJTwitchMusic
JakeWhyman|https://www.youtube.com/user/JakeWhyman
OfficialWubs|https://www.youtube.com/user/OfficialWubs
MandoPony|https://www.youtube.com/user/MandoPony
2007excalibur2007|https://www.youtube.com/user/2007excalibur2007
IAmRhymeFlow|https://www.youtube.com/user/IAmRhymeFlow
LimeyLassen|https://www.youtube.com/user/LimeyLassen
parnas1us|https://www.youtube.com/user/parnas1us
ZXInsanity|https://www.youtube.com/user/ZXInsanity
PonyvilleRanger|https://www.youtube.com/user/PonyvilleRanger
F3nning|https://www.youtube.com/channel/UCArFN5goMdPdu1DHH8hGGUw
MeleePrincess|https://www.youtube.com/user/MeleePrincess
RalnbowCrash|https://www.youtube.com/user/RalnbowCrash
ILoveKimPossibleAlot|https://www.youtube.com/user/ILoveKimPossibleAlot
Scalasis|https://www.youtube.com/user/Scalasis
starbaka78|https://www.youtube.com/user/starbaka78
TheoryBrony|https://www.youtube.com/user/TheoryBrony
DJStrachAttack|https://www.youtube.com/user/DJStrachAttack
OfficialPonytronic|https://www.youtube.com/user/OfficialPonytronic
KnifePonyy|https://www.youtube.com/user/KnifePonyy
UndreamedPanic|https://www.youtube.com/user/UndreamedPanic
DrProctra|https://www.youtube.com/user/DrProctra
TheGrandBronyGala|https://www.youtube.com/user/TheGrandBronyGala
ForNoGoodReason|https://www.youtube.com/channel/UC0OI96IWL8ysqZVXiCAu2ww
TheMoliminous|https://www.youtube.com/user/TheMoliminous
LittleshyFiM|https://www.youtube.com/user/LittleshyFiM
Letupita725HD|https://www.youtube.com/user/Letupita725HD
Hitman42896|https://www.youtube.com/user/Hitman42896
Ink_Potts|https://www.youtube.com/channel/UCwceSpbMQfbuiPmGSJTRhGQ
White6Rock6Shooter6|https://www.youtube.com/user/White6Rock6Shooter6
SolarDasher|https://www.youtube.com/channel/UCKlPQWC5tUZ0W-d3XZfNboA
ZeroAnimaFull|https://www.youtube.com/user/ZeroAnimaFull
British_Ninja|https://www.youtube.com/channel/UChnsc8YLvMZr5M2kdaKdiLA
freedude9|https://www.youtube.com/user/freedude9
Th30neiromancer|https://www.youtube.com/user/Th30neiromancer
PonyPhuckcast|https://www.youtube.com/user/PonyPhuckcast
Playerdotexe|https://www.youtube.com/user/Playerdotexe
Silver_Stream|https://www.youtube.com/channel/UCC6PXkvcWihEGHPlYnQeDoQ
AmongTheHerd|https://www.youtube.com/user/AmongTheHerd
TheOneFrozenRaisin|https://www.youtube.com/user/TheOneFrozenRaisin
TheEmberDash|https://www.youtube.com/user/TheEmberDash
Black0Electric|https://www.youtube.com/user/Black0Electric
vulpicidefilms|https://www.youtube.com/user/vulpicidefilms
ponyphonic|https://www.youtube.com/user/ponyphonic
squareheadmlp|https://www.youtube.com/user/squareheadmlp
PonyFireStone|https://www.youtube.com/user/PonyFireStone
royalpony5300|https://www.youtube.com/user/royalpony5300
Megaphoric|https://www.youtube.com/user/Megaphoric
alioopster27|https://www.youtube.com/user/alioopster27
feather0ponyart|https://www.youtube.com/user/feather0ponyart
Forest_Rain|https://www.youtube.com/user/PutTrustInFate
Hirosashii|https://www.youtube.com/user/Hirosashii
SynthCrescendo|https://www.youtube.com/user/SynthCrescendo
Toothpaste_Minty_Fresh_Productions|https://www.youtube.com/channel/UCDWV9DkM2f3GUDl9iAVusVQ
samsynthis|https://www.youtube.com/user/samsynthis
DongleKumquat|https://www.youtube.com/user/DongleKumquat
dominian42|https://www.youtube.com/user/dominian42
Yourenigma|https://www.youtube.com/user/Yourenigma
TheOfficalAndI|https://www.youtube.com/user/TheOfficalAndI
MrsGigglyMaria|https://www.youtube.com/user/MrsGigglyMaria
Facexplodie|https://www.youtube.com/user/Facexplodie
ButNotTonight|https://www.youtube.com/user/ButNotTonight
DerpyCrash|https://www.youtube.com/user/DerpyCrash
toastwaffle93|https://www.youtube.com/user/toastwaffle93
Levi_P|https://www.youtube.com/playlist?list=PLi-HuOUXCTi1crFo-YfcV89CIjMTsTClU
PhillyPu|https://www.youtube.com/user/PhillyPu
dBPonyMusic|https://www.youtube.com/user/dBPonyMusic
StarborneDash|https://www.youtube.com/user/StarborneDash
OmegaOzone|https://www.youtube.com/user/OmegaOzone
PartyGrunt|https://www.youtube.com/user/PartyGrunt
FluffyMixer|https://www.youtube.com/user/FluffyMixer
hotdiggedydemon|https://www.youtube.com/playlist?list=PL94A83DC128CC6B4B
DoubleRainbowfilly|https://www.youtube.com/user/DoubleRainbowfilly
SuperPinkieCupcake|https://www.youtube.com/user/SuperPinkieCupcake
Shiny_Videos_MLP|https://www.youtube.com/channel/UCPKlmdKovYqfzuZrDEOS66w
Chelokatolu|https://www.youtube.com/channel/UCbTHQ7KK5j-EtPmwnT2KFCg
mylittlepony|https://www.youtube.com/user/mylittlepony
mlpequestriagirls|https://www.youtube.com/user/mlpequestriagirls
exelion100|https://www.youtube.com/user/exelion100
SugarcoatMLP_Channelhttps://www.youtube.com/channel/UCqHDeSId6tYe8bJx5Q_0S4Q
Fluttershy525|https://www.youtube.com/user/Fluttershy525
ReekyAngel5|https://www.youtube.com/user/ReekyAngel5
TwilightSp|https://www.youtube.com/channel/UCkOjFetLF2BRzvMAMJRIr7Q
khuzang|https://www.youtube.com/user/khuzang
chisanaAi|https://www.youtube.com/user/chisanaAi
saal65223|https://www.youtube.com/user/saal65223
Mirisha|https://www.youtube.com/user/Mirisha
lunajaxmusic|https://www.youtube.com/user/lunajaxmusic
ShadyVoxYT|https://www.youtube.com/user/ShadyVoxYT
Bronyfied|https://www.youtube.com/user/Bronyfied
Masterpj55|https://www.youtube.com/user/Masterpj555
Teithepony|https://www.youtube.com/user/Teithepony
biofreak5000|https://www.youtube.com/user/biofreak5000
PencilEraserMusic|https://www.youtube.com/user/PencilEraserMusic
VocalScorePony|https://www.youtube.com/user/VocalScorePony
dustykatt|https://www.youtube.com/user/dustykatt
mlpslowmotion|https://www.youtube.com/user/mlpslowmotion
CommandSpry|https://www.youtube.com/user/CommandSpry
OnlyBratz1|https://www.youtube.com/user/OnlyBratz1
alioopster27|https://www.youtube.com/user/alioopster27
Coconeru|https://youtube.com/user/Coconeru
Pika_petey|https://www.youtube.com/channel/UCERV0DewlRkdr1JmLaXAKwA
DeusGear|https://www.youtube.com/user/DeusGear
MrPoniator|https://www.youtube.com/user/MrPoniator
Yudhaikeledai|https://www.youtube.com/user/Yudhaikeledai
TRPonies|https://www.youtube.com/user/TRPonies
MEMJ0123|https://youtube.com/user/MEMJ0123
Nowacking|https://www.youtube.com/user/Nowacking
SillyFillyStudios|https://www.youtube.com/user/SillyFillyStudios
iTehJadeh|https://www.youtube.com/user/iTehJadeh
TheTyphfuun|https://www.youtube.com/user/TheTyphfuun
WarpOut|https://www.youtube.com/user/WarpOut
Magpiepony|https://www.youtube.com/user/Magpiepony
Emichwan88|https://www.youtube.com/user/Emichwan88
LegendsofEquestria|https://www.youtube.com/user/LegendsofEquestria
Rev897|https://www.youtube.com/user/Rev897
xMaryMedleyx|https://www.youtube.com/user/xMaryMedleyx
ObabScribbler|https://www.youtube.com/user/ObabScribbler
ShadowPony12|https://www.youtube.com/user/ShadowPony12
TheMusicReborn|https://www.youtube.com/user/TheMusicReborn
Grrdrr1|https://www.youtube.com/user/Grrdrr1
nhiduong2244|https://www.youtube.com/user/nhiduong2244
Raecheveycify|https://www.youtube.com/user/Raecheveycify
GloryOfTheRainWings|https://www.youtube.com/user/GloryOfTheRainWings
purpleJB83|https://www.youtube.com/user/purpleJB83
itsannachloem|https://www.youtube.com/user/itsannachloem
FlutterTreeMuffin|https://www.youtube.com/user/FlutterTreeMuffin
TBBBAP|https://www.youtube.com/user/TBBBAP
VisualPony|https://www.youtube.com/user/VisualPony
Thornquill_Audiofics|https://www.youtube.com/channel/UCmnwao0hLcxHGgXmDgrj1Jg
NeighratorPony|https://www.youtube.com/user/NeighratorPony
Astro-Brony|https://www.youtube.com/channel/UCzJFTxWeuKDVsrNXhQpa7PQ
WutenAiE|https://www.youtube.com/user/WutenAiE
yeahshorts|https://www.youtube.com/user/yeahshorts
Goomba_Guy|https://www.youtube.com/channel/UC4c-khcV1wmr1l_ZRfdp9uQ
thelostnarrator|https://www.youtube.com/user/thelostnarrator
Gina_M|https://www.youtube.com/channel/UC6T3LYoTq8ERekrcWoCWHMw
Nightfire5150|https://www.youtube.com/user/Nightfire5150
ChAoTiCsEvEn|https://www.youtube.com/user/ChAoTiCsEvEn
oodorato2|https://www.youtube.com/user/oodorato2
thecuckoobird96|https://www.youtube.com/user/thecuckoobird96
RainyBrony|https://www.youtube.com/user/RainyBrony
0VBASTV0|https://www.youtube.com/user/0VBASTV0
userVinsonVanaby|https://www.youtube.com/user/userVinsonVanaby
SoundPon3|https://www.youtube.com/user/SoundPon3
PoniesInMyLife|https://www.youtube.com/user/PoniesInMyLife
StormXF3|https://www.youtube.com/user/StormXF3
Deleted_Pony_Videos|https://www.youtube.com/channel/UCQo0QzNHcl3q3Qt2i4p-oEg
MylittleBronieDE|https://www.youtube.com/user/MylittleBronieDE
Cfdms009|https://www.youtube.com/user/Cfdms009
MLP_Major|https://www.youtube.com/channel/UCCj5Il2DFAnC7cD0bPXxbRA
BenchThiefProduction|https://www.youtube.com/user/BenchThiefProduction
x3demonomega|https://www.youtube.com/user/x3demonomega
Ferexes|https://www.youtube.com/user/Ferexes
D0ubleRainb0wDash|https://www.youtube.com/user/D0ubleRainb0wDash
Herostrain|https://www.youtube.com/user/Herostrain
Nutrafin|https://www.youtube.com/user/Nutrafin
PSFMer|https://www.youtube.com/channel/UC3ZUrag0ysFbNKLxRQQr48g
JuiceboxAlvin|https://www.youtube.com/channel/UCvYOJN-9EynQl1ZzK8FebeA
adamtheamazing64|https://www.youtube.com/user/adamtheamazing64
Chirpachirp|https://www.youtube.com/user/Chirpachirp
SUPERMARIOGALAXY13|https://www.youtube.com/user/SUPERMARIOGALAXY13
Yukitoshii|https://www.youtube.com/user/Yukitoshii
ColgateGamer|https://www.youtube.com/user/ColgateGamer
2007excalibur2007|https://www.youtube.com/user/2007excalibur2007
DDDragonnn1|https://www.youtube.com/user/DDDragonnn1
Sherclop_Pones|https://www.youtube.com/channel/UCJI4dS-3rg-VrlN8kfSMQnw
Chelokatolu|https://www.youtube.com/channel/UCbTHQ7KK5j-EtPmwnT2KFCg
Gibbontake|https://www.youtube.com/user/Gibbontake
Arthychaud|https://www.youtube.com/channel/UCs242IXSqWfkBHgvakVAqmw
Starlight_Blacky|https://www.youtube.com/channel/UCOoQyun7ERX7peHPYkpWrIw
Annette_Moran|https://www.youtube.com/channel/UCc9vqPnWI3c8fZxgaE1lOAA
TheEpiPony|https://www.youtube.com/user/TheEpiPony
APillowInSpace|https://www.youtube.com/user/APillowInSpace
PurpleBrony|https://www.youtube.com/user/PurpleBrony
djtifwhitneydubstep|https://www.youtube.com/user/djtifwhitneydubstep
GBRoxMusic|https://www.youtube.com/user/GBRoxMusic
TheLTrain9000|https://www.youtube.com/user/TheLTrain9000
ph3r0x|https://www.youtube.com/user/ph3r0x
FVaceslav|https://www.youtube.com/user/FVaceslav
AceWissle|https://www.youtube.com/user/AceWissle
AdamTh3Walker|https://www.youtube.com/user/AdamTh3Walker
versal12|https://www.youtube.com/user/versal12
nikkilayneponyswag|https://www.youtube.com/user/nikkilayneponyswag
TheWubbaDuck|https://www.youtube.com/user/TheWubbaDuck
EnsionD|https://www.youtube.com/user/EnsionD
idkQuicksilver|https://www.youtube.com/user/idkQuicksilver
FracturedElements|https://www.youtube.com/user/FracturedElements
EquestrianHype|https://www.youtube.com/user/EquestrianHype
BroniesWatch|https://www.youtube.com/user/BroniesWatch
UberFacundia|https://www.youtube.com/user/UberFacundia
colortwelve|https://www.youtube.com/user/colortwelve
shadowsonics|https://www.youtube.com/user/shadowsonics
bigztails333|https://www.youtube.com/user/bigztails333
metalcorepony|https://www.youtube.com/user/metalcorepony
3point14159|https://www.youtube.com/user/3point14159
Hardyy28|https://www.youtube.com/user/Hardyy28
Cider_Party|https://www.youtube.com/channel/UC4HtP1Q6p1gqlY5bmmMvuFg
Soundsparkpony|https://www.youtube.com/user/Soundsparkpony
Kadenza|https://www.youtube.com/channel/UC471V820Y6Zqu3N8u4wefww
anangrysockpuppet|https://www.youtube.com/user/anangrysockpuppet
infinitydash|https://www.youtube.com/user/infinitydash
daystarz1|https://www.youtube.com/user/daystarz1
princewhateverer|https://www.youtube.com/user/princewhateverer
NRGpony|https://www.youtube.com/user/NRGpony
ISMBOFepicly|https://www.youtube.com/user/ISMBOFepicly
RainbowCrash88|https://www.youtube.com/user/RainbowCrash88
Griffinilla|https://www.youtube.com/user/Griffinilla
FluttershyElsa|https://www.youtube.com/user/FluttershyElsa
DannyBronyMusic|https://www.youtube.com/user/DannyBronyMusic
NightBreeze13|https://www.youtube.com/user/NightBreeze13
TheRunner1230|https://www.youtube.com/user/TheRunner1230
AstralNovaMusic|https://www.youtube.com/user/AstralNovaMusic
PepperBrony|https://www.youtube.com/user/PepperBrony
CyrilRufus|https://www.youtube.com/user/CyrilRufus
KingSpartaX37|https://youtube.com/user/KingSpartaX37
xTheDubstepGirls|https://www.youtube.com/user/xTheDubstepGirls
FiMFlamFilosophy|https://www.youtube.com/user/FiMFlamFilosophy
ingrid_nilson|https://youtube.com/channel/UCWmg56vgzj5frJ0uC-olj5A
CorpulentBrony|https://www.youtube.com/user/CorpulentBrony
StormAnalysis|https://www.youtube.com/user/StormAnalysis
SpyroTheDragon1267|https://www.youtube.com/user/SpyroTheDragon1267
TeamElementalist|https://www.youtube.com/channel/UCEcGo6L8xLKI551qBCk0UQg
FOBEquestria|https://www.youtube.com/user/FOBEquestria
Galaxyart_Pony|https://www.youtube.com/channel/UCd69xunTzEzbtMVe66mKXKA
NotPonyRelated|https://www.youtube.com/user/NotPonyRelated
Dj_Pegasix|https://www.youtube.com/channel/UCftXCW5XLuEgNiItiXkBAOA
TheDashDub|https://www.youtube.com/user/TheDashDub
WinCamXP|https://www.youtube.com/user/WinCamXP
MathematicPony|https://www.youtube.com/user/MathematicPony
wtfimabrony|https://www.youtube.com/user/wtfimabrony
TripleBlueShell|https://www.youtube.com/user/TripleBlueShell
BeverageBoy11|https://www.youtube.com/user/BeverageBoy11
Spikey_Wikey://www.youtube.com/channel/UCvUtaBeN6_PXtVAaDUcQ-Ug
LavenderHMusic|https://www.youtube.com/user/LavenderHMusic
Rainbowdash174|https://www.youtube.com/user/Rainbowdash174
BronyDestined1|https://www.youtube.com/user/BronyDestined1
metalsystem761|https://www.youtube.com/user/metalsystem761
DJProgressiveElement|https://www.youtube.com/user/DJProgressiveElement
KingSpartaX37|https://www.youtube.com/user/KingSpartaX37
ImmaQueenChrysalis|https://www.youtube.com/user/ImmaQueenChrysalis
survivorsofthesiege|https://www.youtube.com/user/survivorsofthesiege
CarbonMaestro|https://www.youtube.com/user/CarbonMaestro
nozty|https://www.youtube.com/user/nozty
LunaCoreTCLF|https://www.youtube.com/user/LunaCoreTCLF
xPoemi|https://www.youtube.com/user/xPoemi
Firelance2014|https://www.youtube.com/user/Firelance2014
WeimTime007|https://www.youtube.com/user/WeimTime007
ApplejackTheEngineer|https://www.youtube.com/user/ApplejackTheEngineer
Dashia_the_bunny|https://www.youtube.com/channel/UCfAq43UQFSkEF-WKsSVP6tg
SonicBreakbeat|https://www.youtube.com/user/SonicBreakbeat
DJAppleJSound|https://www.youtube.com/user/DJAppleJSound
StratumOfficial|https://www.youtube.com/user/StratumOfficial
JoinedTheHerd|https://www.youtube.com/user/JoinedTheHerd
BronyPie67|https://www.youtube.com/user/BronyPie67
SoundOfTheAviators|https://www.youtube.com/user/SoundOfTheAviators
TNT9995|https://www.youtube.com/user/TNT9995
Gryfinz|https://www.youtube.com/user/Gryfinz
Khriox_UCt3WGk1M0GKZ5cm5ZjQLxOA|https://www.youtube.com/channel/UCt3WGk1M0GKZ5cm5ZjQLxOA
THeClosetBrony_UCZGZwJeOsReFkSD8hDDV_lA|https://www.youtube.com/channel/UCZGZwJeOsReFkSD8hDDV_lA
ertrii|https://www.youtube.com/user/ertrii
gastralify|https://www.youtube.com/user/gastralify
Zancrowsama|https://www.youtube.com/user/Zancrowsama
RK_Channel_UCaRFWhKv2cKN25kLXMuWkYw|https://www.youtube.com/channel/UCaRFWhKv2cKN25kLXMuWkYw
~Silver_Swirls~_UC0-4Z63Y93bzVP58Y8e1xmw|https://www.youtube.com/channel/UC0-4Z63Y93bzVP58Y8e1xmw
IHate4Kids|https://www.youtube.com/user/IHate4Kids
SwedichGirl13|https://www.youtube.com/user/SwedichGirl13
Sparkle_Fire_UCvQn7TDbETODC96DyjqONcg|https://www.youtube.com/channel/UCvQn7TDbETODC96DyjqONcg
Candy_Rainbow™_UCnUNTRyZ2bmR5dEWtaO1ZhQ|https://www.youtube.com/channel/UCnUNTRyZ2bmR5dEWtaO1ZhQ
The_best_Lil_Miss_Rarity_UCT5HkHxm0sXt3Gn0sF2-i1Q|https://www.youtube.com/channel/UCT5HkHxm0sXt3Gn0sF2-i1Q
Talia_Hearts™_UC100tGwYloqhaFI_BgSEoTg|https://www.youtube.com/channel/UC100tGwYloqhaFI_BgSEoTg
174UDSI|https://www.youtube.com/user/174UDSI
Lost441441|https://www.youtube.com/user/Lost441441
Lia_the_Grey_wolf_UCtXTvr7BmnQ36xLyht5paoA|https://www.youtube.com/channel/UCtXTvr7BmnQ36xLyht5paoA
Pinky_Fazbear_UCHIO2JIwFZNii3iQTkh1e3A|https://www.youtube.com/channel/UCHIO2JIwFZNii3iQTkh1e3A
DJDelta0|https://www.youtube.com/user/DJDelta0
ZephyrStar|https://www.youtube.com/user/ZephyrStar
Phonic_Boom_UCVwpBRzhXjera1KixiMufgA|https://www.youtube.com/channel/UCVwpBRzhXjera1KixiMufgA
edwardnwcs2|https://www.youtube.com/user/edwardnwcs2
Dreamland200S|https://www.youtube.com/user/Dreamland200S
DorianStorm2|https://www.youtube.com/user/DorianStorm2
einarxmusic|https://www.youtube.com/user/einarxmusic
Ponyrumpus_UClDuYHaflw8CCJL4OPOhvmw|https://www.youtube.com/channel/UClDuYHaflw8CCJL4OPOhvmw
Rainbow_Flame™_UC-h4JuHujclULJpNqePppeA|https://www.youtube.com/channel/UC-h4JuHujclULJpNqePppeA
str•igi•dae_UCsg-N6WLl8UwOnj0gA4SgEA|https://www.youtube.com/channel/UCsg-N6WLl8UwOnj0gA4SgEA
luffyiscool|https://www.youtube.com/user/luffyiscool
sacgen88|https://www.youtube.com/user/sacgen88
Rainbow_Brony_UCnBS0Db9CxuBQvYednj1YIQ|https://www.youtube.com/channel/UCnBS0Db9CxuBQvYednj1YIQ
starbreeis|https://www.youtube.com/user/starbreeis
klystron2010|https://www.youtube.com/user/klystron2010
xXxBd_BlaZerxXx_UCjCkJsh-usP61ElSE6Msmfg|https://www.youtube.com/channel/UCjCkJsh-usP61ElSE6Msmfg
NoPonyZone|https://www.youtube.com/user/NoPonyZone
TheCrimzonAE|https://www.youtube.com/user/TheCrimzonAE
Fire_Frets_UC08uwlgUY_T5japdLdJ70HA|https://www.youtube.com/channel/UC08uwlgUY_T5japdLdJ70HA
TheOfficialKooper|https://www.youtube.com/user/TheOfficialKooper
{MLP}_Rainbow_Dash_UC9ObUV5X2zXDDy4rW9kwdWg|https://www.youtube.com/channel/UC9ObUV5X2zXDDy4rW9kwdWg
xXD1sturbed10kFXx|https://www.youtube.com/user/xXD1sturbed10kFXx
niklasshepherd|https://www.youtube.com/user/niklasshepherd
Mℓp Tωιηкєѕ|https://www.youtube.com/channel/UCTuCcx78HjqbwFQQTI6tkZw
mlp_Melody_Heart|https://www.youtube.com/channel/UCupm-K1BR3KUK7g3y8YLa5g
MinecraftPony155|https://www.youtube.com/user/MinecraftPony155
AngelSoulAMV|https://www.youtube.com/user/AngelSoulAMV
Sparkling_Charge|https://www.youtube.com/channel/UC2QlDebXEWWiT_zuDXZ6t5A
Mlp_Rose|https://www.youtube.com/channel/UCdjRNx6xW-m7kGa24HRyLDw
pixel3000nerd|https://www.youtube.com/user/pixel3000nerd
A_Dork_Pegasister_Trainer|https://www.youtube.com/channel/UCEtVctQJ3J9_2n2uRPpffgw
Stardust_Shine|https://www.youtube.com/channel/UCA7f_LEg7wBZlsA3B-VX1Mg
MLPForevery|https://www.youtube.com/channel/UCixpb-YK8TdKkkdJdBq_bCA
Twilight_Dash_1090_HD|https://www.youtube.com/channel/UCkGJGRqvLXiC5bM0Hj3Wnjw
princess_crystal_black_dark|https://www.youtube.com/channel/UCaeHJ3s2IcS_-Rf6CuJVVsw
Pinkie_Juliee_Pie|https://www.youtube.com/channel/UCKkwODMqrJtL4SeVw3iDt9A
The_Silicon_Brony|https://www.youtube.com/channel/UCSKb3R7CqCEXfIA0BkhJarA
Violettera_MLP|https://www.youtube.com/channel/UCBRCzCb-BEE3Jo5mWIpxcXA
Sparkling_Charge|https://www.youtube.com/channel/UC2QlDebXEWWiT_zuDXZ6t5A
Rainbow_Pegasus15|https://www.youtube.com/channel/UCZDAVSpPO25jRKIg_0mgXXA
Star_Sparkle|https://www.youtube.com/channel/UC7mYtGXwZ2b5lxBqu5-_KTw
LunaBrillante_1093_HD|https://www.youtube.com/channel/UC5sGQ6F-Wb_qa80vgReM95A
Fluttershy_Sparkle745HD|https://www.youtube.com/channel/UCJ1LE1iPgvWCPiHozIJ-kRA
Skyla Paint Hearth|https://www.youtube.com/channel/UCtqZQbLpsVf1kDhoq_69HSQ/videos
Pinkie_Sparkle_1080_HD|https://www.youtube.com/channel/UCHqDMrV-UTpwxfDcUcT5FiQ
Dashie_Love_1089_HD|https://www.youtube.com/channel/UCLh5eMtsbj0xtgl3Sztd2nA
Sunset_Sparkle_1081_HD|https://www.youtube.com/channel/UCw0CFbpajHLpyA68TUSXhnA
Sunset_Dash_1095_HD|https://www.youtube.com/channel/UCeVHc1jte_UGyEy1uL3DrVA
Rarity_Diamond_1098_HD|https://www.youtube.com/channel/UC2wcIi5hn071Nt2jex8SMEg
mlp_Melody_Heart|https://www.youtube.com/channel/UCupm-K1BR3KUK7g3y8YLa5g
Rainbow_Flame|https://www.youtube.com/channel/UC-h4JuHujclULJpNqePppeA
mlp_lights|https://www.youtube.com/channel/UCLsLPvPQW5-zM_m_YlP9OZQ
Mlp_Shine|https://www.youtube.com/channel/UCF72nnBwTjiE1WeGHKFR_7A
RainbowDash912|https://www.youtube.com/channel/UCnKNCp_pAcxgMpTbhLZcOzg
Star_Music_Pro_125|https://www.youtube.com/channel/UCj-3w0SOsCX3UNVPxcjJ98A
Sonata_Blaze_1089_HD|https://www.youtube.com/channel/UCYJNWIZwiUUABhNj6-32GkQ
Flutter_Dazzle|https://www.youtube.com/channel/UC5SA2ZneCdpL62TyBRcPUlg
ACRacebest|https://www.youtube.com/user/ACRacebest
alcinaaybar|https://www.youtube.com/user/alcinaaybar
Fluttershy Sparkle745HD|https://www.youtube.com/channel/UCJ1LE1iPgvWCPiHozIJ-kRA
CappppperGeneral|https://www.youtube.com/user/CappppperGeneral
Fun_Cakes|https://www.youtube.com/channel/UCGEmBOFHxk83eqX38WSlbBA
MegaAmod|https://www.youtube.com/user/MegaAmod
EpicGteGuy|https://www.youtube.com/user/EpicGteGuy
Deme_F.Q|https://www.youtube.com/channel/UCb2HR5_K7yeo0-VlVW94wFA
SunnySandStorm|https://www.youtube.com/user/SunnySandStorm
kyrospawn|https://www.youtube.com/user/kyrospawn
TSPNonpareil|https://www.youtube.com/user/TSPNonpareil
